NOKTA,TUR,GRUP,GOGUS_CEVRESI_CM,DBH_CM,BOY_M,KARBON_KG,KARBON_CI_LO_KG,KARBON_CI_HI_KG,ENLEM,BOYLAM,GPS_DOGRULUK_M,TARIH
1,"SÜS ERİĞİ",YAPRAKLI,110,35.0,7,151.099022577992,88.1,216.3,39.990257,32.652171,8.52561256568,2026-10-01
2,"SÜS ERİĞİ",YAPRAKLI,92,29.3,7.8,118.480156105856,73.0,172.7,39.989899,32.651361,4.74865153019176,2026-10-01
3,"SALKIM SÖĞÜT",YAPRAKLI,166,52.8,10.7,510.477966266016,286.6,725.2,39.989757,32.650762,5.36520055431482,2026-10-01
4,"HALEP ÇAMI",İBRELİ,57,18.1,8,42.4445476066324,24.8,60.8,39.98973,32.650509,2.80357172866103,2026-10-01
5,"AKASYA",YAPRAKLI,90,28.6,7,102.12792590539,56.1,145.5,39.989694,32.650203,8.78245109590733,2026-10-01
6,"KARAÇAM",İBRELİ,82,26.1,9,94.868002026175,54.4,137.2,39.989571,32.649799,11.0695301079575,2026-10-01
7,"KARAÇAM",İBRELİ,107,34.1,10.8,190.543063988351,112.2,272.5,39.989116,32.649391,8.88882973730192,2026-10-01
8,"SALKIM SÖĞÜT",YAPRAKLI,112,35.7,10.3,228.16559508467,138.2,324.8,39.98922,32.648536,4.74865153019176,2026-10-01
9,"DOĞU ÇINARI",YAPRAKLI,84,26.7,6.9,88.0151281158203,51.4,126.4,39.988587,32.64848,6.51661355542108,2026-10-01
10,"MAVİ LADİN",İBRELİ,88,28.0,6.7,77.5669868660649,44.3,113.4,39.988751,32.648074,4.62699727297049,2026-10-01
11,"AT KESTANESİ",YAPRAKLI,102,32.5,8,148.542527431494,76.6,216.9,39.988569,32.647281,5.72487481790937,2026-10-01
12,"KARAAĞAÇ",YAPRAKLI,70,22.3,5.3,47.6619788231742,25.3,69.3,39.988656,32.646497,3.02107068996844,2026-10-01
13,"AT KESTANESİ",YAPRAKLI,88,28.0,10.7,147.895918735225,77.1,213.8,39.989153,32.645965,2.6731246172917,2026-10-01
14,"MAVİ LADİN",İBRELİ,142,45.2,11.2,325.912769102374,187.1,473.5,39.989575,32.64554,4.25883081072634,2026-10-01
15,"SALKIM SÖĞÜT",YAPRAKLI,140,44.6,11.9,406.090852212906,243.2,583.6,39.989999,32.645354,4.15706647109148,2026-10-01
16,"AT KESTANESİ",YAPRAKLI,58,18.5,5.2,32.4099345010737,18.3,47.2,39.99063,32.645158,6.19215718179992,2026-10-01
17,"GÖKNAR",İBRELİ,57,18.1,5.6,22.0169197623268,12.3,31.6,39.990994,32.644972,5.66437009099863,2026-10-01
18,"AT KESTANESİ",YAPRAKLI,80,25.5,9.5,109.32949445055,62.9,159.7,39.991792,32.645614,3.72206871825598,2026-10-01
19,"SÜS ERİĞİ",YAPRAKLI,92,29.3,8.2,124.406652804493,72.8,178.6,39.992143,32.646158,4.66433229436751,2026-10-01
20,"ATLAS SEDİRİ",İBRELİ,122,38.8,10.3,223.306445487645,120.9,323.7,39.992404,32.646334,4.92542968915965,2026-10-01
21,"MAVİ LADİN",İBRELİ,92,29.3,10.8,134.813431183121,78.3,193.0,39.992562,32.646658,5.91000224124728,2026-10-01
22,"SÖĞÜT",YAPRAKLI,87,27.7,4,55.3604458602086,31.8,81.4,39.992668,32.647088,5.0409787427215,2026-10-01
23,"SÜS ERİĞİ",YAPRAKLI,30,9.5,3.5,6.08132966700884,3.3,8.7,39.992926,32.647694,3.32886965215582,2026-10-01
25,"DİŞBUDAK",YAPRAKLI,137,43.6,7.3,250.767481534931,147.7,358.2,39.99212,32.64731,,2026-09-28
26,"DUT",YAPRAKLI,72,22.9,5.8,54.9877818786946,31.7,80.2,39.99128,32.64763,,2026-09-28
27,"DUT",YAPRAKLI,63,20.1,4,29.4829374183149,16.5,43.3,39.99216,32.64866,,2026-09-28
28,"SALKIM SÖĞÜT",YAPRAKLI,100,31.8,6.8,121.948410870146,70.6,178.9,39.99167,32.64912,,2026-09-28
29,"IHLAMUR",YAPRAKLI,40,12.7,4.5,13.6271163200211,8.0,19.6,39.99166,32.64972,,2026-09-28
30,"AKÇAAĞAÇ",YAPRAKLI,58,18.5,8.8,54.1594166563212,30.6,78.2,39.99152,32.65002,,2026-09-28
31,"KATALPA",YAPRAKLI,63,20.1,7.8,56.5776013515436,32.2,81.2,39.99151,32.6509,,2026-09-28
32,"SALKIM SÖĞÜT",YAPRAKLI,200,63.7,12.5,854.756025043452,491.4,1217.3,39.99143,32.65141,,2026-09-28
33,"AKÇAAĞAÇ",YAPRAKLI,86,27.4,8.3,110.359224881374,65.4,157.8,39.99094,32.65192,,2026-09-28
34,"DİŞBUDAK",YAPRAKLI,75,23.9,6.5,69.073678045277,38.5,98.4,39.99073,32.65246,,2026-09-28
35,"AKÇAAĞAÇ",YAPRAKLI,86,27.4,8.3,110.359224881374,64.0,161.3,39.99093,32.65189,,2026-09-28
37,"LADİN",İBRELİ,78,24.8,10,73.114819845799,43.1,103.3,39.99131,32.65189,,2026-09-28
43,"SIĞLA",YAPRAKLI,57,18.1,7.5,44.7893704221455,25.6,63.8,39.99299,32.64803,,2026-09-28
